1589795378,1,1,DLJF0718,1001,m730000970,m730000463,1
1589795378,1,2,DLJF0718,1001,m730000957,m730000452,1
1589795378,1,3,DLJF0718,1001,m730000952,m730000387,1
1589795378,1,4,DLJF0718,1001,m730000926,m730000355,1
1589795378,1,5,DLJF0718,1001,m730000865,m730000347,1
1589795378,1,6,DLJF0718,1001,m730000846,m730000329,1
1589795378,1,7,DLJF0718,1001,m730000812,m730000324,1
1589795378,1,8,DLJF0718,1001,m730000807,m730000323,1
1589795378,1,9,DLJF0718,1001,m730000806,m730000298,1
1589795378,1,10,DLJF0718,1001,m730000768,m730000271,1
1589795378,1,11,DLJF0718,1001,m730000760,m730000230,1
1589795378,1,12,DLJF0718,1001,m730000715,m730000176,1
1589795378,1,13,DLJF0718,1001,m730000701,m730000164,1
1589795378,1,14,DLJF0718,1001,m730000680,m730000143,1
1589795378,1,15,DLJF0718,1001,m730000664,m730000125,1
1589795378,1,16,DLJF0718,1001,m730000661,m730000095,1
1589795378,1,17,DLJF0718,1001,m730000635,m730000094,1
1589795378,1,18,DLJF0718,1001,m730000600,m730000064,1
1589795378,1,19,DLJF0718,1001,m730000553,m730000062,1
1589795378,1,20,DLJF0718,1001,m730000543,m730000030,1
1589795378,1,21,DLJF0718,1001,m730000529,m730000026,1
1589795378,1,22,DLJF0718,1001,m730000496,m730000016,1
1589795378,1,23,DLJF0718,1001,m730000494,m730000011,1
1589795378,1,24,DLJF0718,1001,m730000476,m730000004,1
1589795378,1,25,DLJF0718,1001,m730000463,m730000970,1
1589795378,1,26,DLJF0718,1001,m730000452,m730000957,1
1589795378,1,27,DLJF0718,1001,m730000387,m730000952,1
1589795378,1,28,DLJF0718,1001,m730000355,m730000926,1
1589795378,1,29,DLJF0718,1001,m730000347,m730000865,1
1589795378,1,30,DLJF0718,1001,m730000329,m730000846,1
1589795378,1,31,DLJF0718,1001,m730000324,m730000812,1
1589795378,1,32,DLJF0718,1001,m730000323,m730000807,1
1589795378,1,33,DLJF0718,1001,m730000298,m730000806,1
1589795378,1,34,DLJF0718,1001,m730000271,m730000768,1
1589795378,1,35,DLJF0718,1001,m730000230,m730000760,1
1589795378,1,36,DLJF0718,1001,m730000176,m730000715,1
1589795378,1,37,DLJF0718,1001,m730000164,m730000701,1
1589795378,1,38,DLJF0718,1001,m730000143,m730000680,1
1589795378,1,39,DLJF0718,1001,m730000125,m730000664,1
1589795378,1,40,DLJF0718,1001,m730000095,m730000661,1
1589795378,1,41,DLJF0718,1001,m730000094,m730000635,1
1589795378,1,42,DLJF0718,1001,m730000064,m730000600,1
1589795378,1,43,DLJF0718,1001,m730000062,m730000553,1
1589795378,1,44,DLJF0718,1001,m730000030,m730000543,1
1589795378,1,45,DLJF0718,1001,m730000026,m730000529,1
1589795378,1,46,DLJF0718,1001,m730000016,m730000496,1
1589795378,1,47,DLJF0718,1001,m730000011,m730000494,1
1589795378,1,48,DLJF0718,1001,m730000004,m730000476,1
1589795378,1,49,DLJF0718,1001,m730026037,to be alone,1
